{
  "1.0": {
    "detection_rate": 1.0,
    "x_noise": 0.0841834496847805,
    "y_noise": 0.03902636086797034,
    "z_noise": 0.02604734369973949,
    "altitude_mean": 0.8221333333333333
  },
  "1.5": {
    "detection_rate": 1.0,
    "x_noise": 0.05030037439905091,
    "y_noise": 0.032655490397487795,
    "z_noise": 0.027252886170972605,
    "altitude_mean": 0.8177666666666666
  },
  "2.0": {
    "detection_rate": 1.0,
    "x_noise": 0.05241837145536107,
    "y_noise": 0.03642279789026787,
    "z_noise": 0.03213991225906422,
    "altitude_mean": 0.8124
  },
  "2.5": {
    "detection_rate": 1.0,
    "x_noise": 0.0692233684158999,
    "y_noise": 0.038376399781583886,
    "z_noise": 0.05154307286049047,
    "altitude_mean": 0.8184333333333333
  },
  "3.0": {
    "detection_rate": 1.0,
    "x_noise": 0.0994921620269555,
    "y_noise": 0.05162991033097232,
    "z_noise": 0.03767312514928352,
    "altitude_mean": 0.8692
  }
}