{
  "1.0": {
    "detection_rate": 0.8433333333333334,
    "x_noise": 0.02253892194642167,
    "y_noise": 0.051020199191045786,
    "z_noise": 0.05258025173498236,
    "max_dropout": 2.1
  },
  "1.5": {
    "detection_rate": 0.83,
    "x_noise": 0.04001162461402593,
    "y_noise": 0.0314022896838951,
    "z_noise": 0.03779699696593072,
    "max_dropout": 2.6
  },
  "2.0": {
    "detection_rate": 0.98,
    "x_noise": 0.03498878404801938,
    "y_noise": 0.05183961722159486,
    "z_noise": 0.03259844571305196,
    "max_dropout": 0.4
  },
  "2.5": {
    "detection_rate": 1.0,
    "x_noise": 0.04990616082178676,
    "y_noise": 0.044472090384537435,
    "z_noise": 0.03249956204258799,
    "max_dropout": 0.0
  },
  "3.0": {
    "detection_rate": 1.0,
    "x_noise": 0.07466335457783477,
    "y_noise": 0.04562067588405805,
    "z_noise": 0.028066104991880867,
    "max_dropout": 0.0
  }
}